tail_number,operator,home_station
N101DQ,DL,ATL
N101DU,DL,SLC
N102DN,DL,ATL
N102DU,DL,SLC
N102NN,AA,JFK
N103NN,AA,JFK
N103SY,OO,SFO
N103US,AA,CLT
N104NN,AA,JFK
N104UW,AA,CLT
N105NN,AA,JFK
N105UW,AA,CLT
N106DN,DL,ATL
N106DU,DL,SLC
N106SY,OO,ORD
N107NN,AA,JFK
N107US,AA,DFW
N108NN,AA,JFK
N109DU,DL,LGA
N109SY,OO,ORD
N110AN,AA,JFK
N110DX,DL,ATL
N110SY,OO,SFO
N110UW,AA,CLT
N111NG,DL,BOS
N111US,AA,CLT
N111ZM,AA,JFK
N112DU,DL,LGA
N113AN,AA,JFK
N113DQ,DL,BOS
N113DX,DL,ATL
N113SY,OO,ORD
N114DN,DL,ATL
N114DU,DL,SEA
N114SY,OO,ORD
N114UW,AA,CLT
N115DN,DL,ATL
N115DU,DL,SLC
N116AN,AA,JFK
N116DU,DL,LGA
N118DU,DL,SEA
N118DY,DL,ATL
N118NN,AA,DFW
N118SY,OO,DEN
N118US,AA,CLT
N119DN,DL,ATL
N119DU,DL,SLC
N119NN,AA,DFW
N119SY,OO,ORD
N119US,AA,DFW
N120DN,DL,ATL
N120SY,OO,ORD
N121AN,AA,DFW
N121DU,DL,SLC
N121DZ,DL,ATL
N121SY,OO,ORD
N122DN,DL,ATL
N122DU,DL,BOS
N122NN,AA,DFW
N122SY,OO,ORD
N122US,AA,CLT
N123DQ,DL,SEA
N123UW,AA,CLT
N124AA,AA,DFW
N124DU,DL,SEA
N124DX,DL,ATL
N124US,AA,CLT
N125AA,AA,DFW
N125DN,DL,ATL
N125UW,AA,CLT
N126AN,AA,DFW
N126UW,AA,CLT
N127AA,AA,DFW
N127DN,DL,ATL
N127DU,DL,SLC
N127SY,OO,ORD
N128AN,AA,DFW
N128DU,DL,SLC
N128SY,OO,ORD
N128UW,AA,CLT
N129AA,AA,DFW
N129DU,DL,DFW
N130AN,AA,DFW
N130SY,OO,DEN
N131DU,DL,SLC
N133AN,AA,DFW
N133DU,DL,SLC
N133SY,OO,ORD
N134AN,AA,DFW
N135DQ,DL,JFK
N135SY,OO,DEN
N138AN,AA,DFW
N138SY,OO,SFO
N139AN,AA,DFW
N139DU,DL,SLC
N139SY,OO,ORD
N140SY,OO,DEN
N142AN,AA,DFW
N142SY,OO,SFO
N143AN,AA,DFW
N144SY,OO,DEN
N145SY,OO,ORD
N146AA,AA,DFW
N147AA,AA,DFW
N148AN,AA,DFW
N149AN,AA,DFW
N149SY,OO,ORD
N150NN,AA,DFW
N150SY,OO,ORD
N150UW,AA,CLT
N151AN,AA,DFW
N151UW,AA,CLT
N152AA,AA,DFW
N153SY,OO,LAX
N153UW,AA,CLT
N154AA,AA,DFW
N155UW,AA,CLT
N156SY,OO,ORD
N157AA,AA,DFW
N157SY,OO,ORD
N159AN,AA,DFW
N1603,DL,JFK
N1604R,DL,ATL
N1605,DL,HNL
N16065,DL,HNL
N160SY,OO,ORD
N161AA,AA,DFW
N161PQ,OO,SLC
N161SY,OO,ORD
N161UW,AA,CLT
N162AA,AA,DFW
N162UW,AA,CLT
N163AA,AA,DFW
N163SY,OO,ORD
N163US,AA,CLT
N164NN,AA,DFW
N165NN,AA,DFW
N165US,AA,CLT
N166NN,AA,DFW
N166SY,OO,ORD
N167AN,AA,DFW
N168SY,OO,ORD
N169DZ,DL,LAX
N170PQ,OO,ATL
N170SY,OO,PDX
N170US,AA,CLT
N171DN,DL,JFK
N171SY,OO,SFO
N171US,AA,CLT
N172DZ,DL,HNL
N173DZ,DL,ATL
N173SY,OO,PDX
N173US,AA,CLT
N174DN,DL,JFK
N174US,AA,CLT
N175DN,DL,JFK
N175SY,OO,SFO
N176DN,DL,JFK
N177DN,DL,LAX
N177DZ,DL,LAX
N177US,AA,CLT
N177XF,AA,CLT
N178DN,DL,JFK
N178DZ,DL,LAX
N178SY,OO,SAN
N178US,AA,CLT
N179UW,AA,CLT
N1801U,WN,HNL
N1803U,WN,LAS
N1805U,WN,LAS
N1806U,WN,HNL
N1808U,WN,HNL
N181UW,AA,CLT
N182DN,DL,SLC
N182SY,OO,SEA
N182UW,AA,CLT
N183SY,OO,SEA
N183UW,AA,CLT
N184DN,DL,SLC
N184SY,OO,SEA
N184US,AA,CLT
N185DN,DL,ATL
N186DN,DL,ATL
N186SY,OO,SFO
N187DN,DL,LAX
N187US,AA,CLT
N188SY,OO,SFO
N189SY,OO,SFO
N190DN,DL,HNL
N191DN,DL,HNL
N191SY,OO,SFO
N192SY,OO,SFO
N193SY,OO,SFO
N194DN,DL,ATL
N194SY,OO,SFO
N194UW,AA,CLT
N195DN,DL,ATL
N195UW,AA,CLT
N196DN,DL,JFK
N196UW,AA,CLT
N198DN,DL,HNL
N198SY,OO,SFO
N198UW,AA,CLT
N199SY,OO,SFO
N200SY,OO,ORD
N200WN,WN,LAS
N201LV,WN,LAS
N202SY,OO,ORD
N202WN,WN,BWI
N203WN,WN,PHX
N204SY,OO,SFO
N204WN,WN,MDW
N205SY,OO,IAH
N205WN,WN,DEN
N206SY,OO,ORD
N207PS,OO,DEN
N208SY,OO,LAX
N208WN,WN,BWI
N209SY,OO,ORD
N211WN,WN,BWI
N213SY,OO,SFO
N214WN,WN,LAS
N216WR,WN,DEN
N218WN,WN,DAL
N219WN,WN,BWI
N220WN,WN,DAL
N221WN,WN,DEN
N225WN,WN,DEN
N227WN,WN,DEN
N229WN,WN,DEN
N231WN,WN,BWI
N232WN,WN,PHX
N235WN,WN,DEN
N238WN,WN,LAS
N240WN,WN,DEN
N241WN,WN,DAL
N242SY,OO,MSP
N242WN,WN,BWI
N243WN,WN,DEN
N244WN,WN,DAL
N246LV,WN,DAL
N246PS,OO,ORD
N246SY,OO,MSP
N248WN,WN,BWI
N249WN,WN,LAS
N250WN,WN,DEN
N251SY,OO,MSP
N252WN,WN,DAL
N253SY,OO,MSP
N254SY,OO,SLC
N254WN,WN,DEN
N255WN,WN,DAL
N256SY,OO,MSP
N257SY,OO,MSP
N257WN,WN,DEN
N258SY,OO,MSP
N259SY,OO,MSP
N259WN,WN,DAL
N260SY,OO,SLC
N260WN,WN,DEN
N261SY,OO,MSP
N261WN,WN,DEN
N262SY,OO,SEA
N262WN,WN,DEN
N263SY,OO,SLC
N264SY,OO,SLC
N265SY,OO,LAX
N270SY,OO,SLC
N271SY,OO,SEA
N272WN,WN,DEN
N273SY,OO,LAX
N273WN,WN,DEN
N274SY,OO,LAX
N276WN,WN,BWI
N277SY,OO,LAX
N277WN,WN,LAS
N279SY,OO,SLC
N279WN,WN,LAS
N280WN,WN,LAS
N281SY,OO,SLC
N281WN,WN,DEN
N282SY,OO,LAX
N282WN,WN,DEN
N283WN,WN,DEN
N284WN,WN,DEN
N285SY,OO,SLC
N285WN,WN,DEN
N287SY,OO,LAX
N287WN,WN,LAS
N288WN,WN,BWI
N289SY,OO,SLC
N290WN,WN,BWI
N291SY,OO,SEA
N291WN,WN,DEN
N292WN,WN,BWI
N293SY,OO,SLC
N294SY,OO,MSP
N294WN,WN,DEN
N295SY,OO,MSP
N297WN,WN,DAL
N298SY,OO,SLC
N299WN,WN,DEN
N301DU,DL,SLC
N301NB,DL,SLC
N301SY,OO,SLC
N302DN,DL,ATL
N302DU,DL,SLC
N302NB,DL,SLC
N302SY,OO,LAX
N303DN,DL,ATL
N303DU,DL,SLC
N304DU,DL,SLC
N304RB,AA,MIA
N304SY,OO,SEA
N305DU,DL,SLC
N305SY,OO,MSP
N306NY,AA,DFW
N306RC,AA,MIA
N306SP,AA,MIA
N306SW,AA,MIA
N307DX,DL,ATL
N307TA,AA,MIA
N308DN,DL,ATL
N308RD,AA,MIA
N308SY,OO,SLC
N308TB,AA,MIA
N309DN,DL,ATL
N309DU,DL,SEA
N309SY,OO,MSP
N310DN,DL,LGA
N310DU,DL,SLC
N310SY,OO,MSP
N311DN,DL,ATL
N312DU,DL,SEA
N313DN,DL,ATL
N313DU,DL,IAH
N313SY,OO,SLC
N314DN,DL,ATL
N314DU,DL,SLC
N314RH,AA,MIA
N315DN,DL,ATL
N315NB,DL,DTW
N315PE,AA,DFW
N315RJ,AA,MIA
N316DN,DL,ATL
N316PF,AA,DFW
N316SE,AA,MIA
N316SY,OO,MSP
N317DN,DL,ATL
N317DU,DL,SLC
N317PG,AA,DFW
N318DU,DL,SLC
N318DX,DL,ATL
N318NB,DL,LAX
N318SF,AA,MIA
N318TD,AA,MIA
N319SY,OO,SLC
N319TE,AA,MIA
N320DU,DL,LGA
N320SY,OO,MSP
N320US,DL,SLC
N321DH,DL,ATL
N321DU,DL,SLC
N321NB,DL,MSP
N321RL,AA,MIA
N321TG,AA,MIA
N322DN,DL,ATL
N322NB,DL,SLC
N322SY,OO,MSP
N322TH,AA,MIA
N323RM,AA,MIA
N323SG,AA,MIA
N323SY,OO,MSP
N323US,DL,ATL
N324DU,DL,SEA
N324DX,DL,ATL
N324NB,DL,DTW
N324SY,OO,MSP
N324US,DL,ATL
N325DN,DL,ATL
N325NB,DL,MSP
N325US,DL,ATL
N326NB,DL,DTW
N326SY,OO,MSP
N326US,DL,ATL
N327NW,DL,ATL
N327SK,AA,MIA
N328NB,DL,MSP
N328RR,AA,MIA
N328TC,AA,MIA
N329DN,DL,ATL
N329NB,DL,LAX
N329NW,DL,MSP
N329SL,AA,MIA
N330DX,DL,ATL
N330NB,DL,DTW
N331DN,DL,ATL
N332DN,DL,ATL
N333NB,DL,MSP
N334NB,DL,SLC
N334NW,DL,ATL
N334SM,AA,MIA
N335NW,DL,MSP
N335PH,AA,DFW
N335SN,AA,MIA
N336DX,DL,ATL
N336NB,DL,MSP
N336NW,DL,ATL
N336RU,AA,MIA
N336SR,AA,MIA
N336TM,AA,MIA
N337DN,DL,ATL
N337NB,DL,LAX
N337NW,DL,ATL
N338NB,DL,ATL
N338NW,DL,ATL
N338PK,AA,DFW
N338ST,AA,MIA
N339DN,DL,ATL
N339NB,DL,MSP
N339NW,DL,ATL
N340NB,DL,SLC
N340NW,DL,ATL
N341NW,DL,ATL
N341RW,AA,MIA
N341SV,AA,MIA
N341TR,AA,MIA
N342DN,DL,ATL
N342NB,DL,ATL
N342NW,DL,ATL
N342PM,AA,DFW
N342SX,AA,MIA
N343DN,DL,ATL
N343NW,DL,ATL
N343RY,AA,MIA
N343SY,AA,MIA
N344NW,DL,MSP
N344PP,AA,DFW
N345DN,DL,ATL
N345NB,DL,ATL
N345NW,DL,ATL
N346DN,DL,ATL
N346PR,AA,DFW
N347DN,DL,ATL
N347NW,DL,ATL
N348NW,DL,ATL
N349NB,DL,MSP
N349NW,DL,ATL
N350RV,AA,MIA
N351NW,DL,ATL
N352DN,DL,ATL
N352NB,DL,SLC
N352NW,DL,ATL
N352PS,AA,DFW
N353DN,DL,ATL
N353NB,DL,SLC
N353NW,DL,ATL
N354DN,DL,ATL
N354NW,DL,ATL
N354PT,AA,DFW
N355NW,DL,ATL
N355PU,AA,DFW
N356DN,DL,ATL
N357DN,DL,ATL
N358PW,AA,DFW
N359DN,DL,ATL
N359NW,DL,ATL
N359PX,AA,DFW
N360DN,DL,ATL
N360NW,DL,ATL
N361NW,DL,ATL
N362DN,DL,ATL
N362NB,DL,SLC
N364NB,DL,LAX
N364NW,DL,ATL
N365NB,DL,ATL
N365NW,DL,ATL
N366DX,DL,ATL
N366NB,DL,SLC
N366NW,DL,ATL
N367DN,DL,ATL
N367NW,DL,DTW
N368NB,DL,DTW
N368NW,DL,ATL
N369NB,DL,ATL
N370DN,DL,ATL
N370NB,DL,LAX
N371NB,DL,MSP
N372DA,DL,SEA
N372NW,DL,SLC
N3730B,DL,SEA
N3733Z,DL,ATL
N3734B,DL,SEA
N3735D,DL,SEA
N3736C,DL,SEA
N3737C,DL,SEA
N3739P,DL,SEA
N373DX,DL,ATL
N373NW,DL,ATL
N3740C,DL,ATL
N3746H,DL,ATL
N3747D,DL,SEA
N3749D,DL,ATL
N374DA,DL,ATL
N3751B,DL,ATL
N3753,DL,SEA
N3754A,DL,SEA
N3759,DL,SLC
N375DN,DL,ATL
N375NC,DL,ATL
N3762Y,DL,SLC
N3763D,DL,SEA
N3766,DL,SEA
N3768,DL,ATL
N3769L,DL,ATL
N37700,DL,SEA
N3771K,DL,BOS
N3773D,DL,SEA
N377NW,DL,ATL
N378DN,DL,ATL
N378NW,DL,ATL
N378SC,AA,MIA
N379DA,DL,ATL
N380DA,DL,SEA
N380DN,DL,ATL
N381DN,DL,SEA
N381DZ,DL,ATL
N382DA,DL,ATL
N382DN,DL,ATL
N385DN,DL,SLC
N387DA,DL,MIA
N387DN,DL,ATL
N388DA,DL,SEA
N388DN,DL,ATL
N389DA,DL,SEA
N390DA,DL,ATL
N390DN,DL,ATL
N391DA,DL,LGA
N392DN,DL,ATL
N393DA,DL,SEA
N393DN,DL,ATL
N394DA,DL,SEA
N394DL,DL,SLC
N394DX,DL,ATL
N395DN,DL,ATL
N395DZ,DL,ATL
N396DA,DL,ATL
N396DN,DL,ATL
N397DA,DL,SLC
N397DN,DL,ATL
N400AN,AA,PHX
N400SY,OO,SFO
N401WN,WN,DEN
N402AN,AA,PHX
N402DX,DL,JFK
N402SY,OO,SFO
N403WN,WN,BWI
N404SY,OO,SEA
N404WN,WN,BWI
N405AN,AA,DFW
N405DX,DL,JFK
N405SY,OO,PDX
N405WN,WN,DEN
N406AN,AA,PHX
N406DX,DL,LAX
N406WN,WN,DEN
N407AN,AA,PHX
N407SY,OO,SAN
N407WN,WN,DEN
N408SY,OO,SFO
N408WN,WN,DEN
N409AA,AA,MIA
N409DX,DL,LAX
N409WN,WN,DEN
N410AN,AA,LAX
N410DZ,DL,LAX
N410WN,WN,DEN
N411AN,AA,PHX
N411DX,DL,ATL
N411WN,WN,DEN
N412DX,DL,JFK
N412SY,OO,SFO
N412WN,WN,DEN
N413AN,AA,PHX
N413DX,DL,JFK
N414AL,AA,PHX
N414DZ,DL,LAX
N415AN,AA,PHX
N415DX,DL,JFK
N415WN,WN,BWI
N416AN,AA,LAX
N416WN,WN,LAS
N417AN,AA,PHX
N418DX,DL,LAX
N420DX,DL,JFK
N421DX,DL,JFK
N421LV,WN,DEN
N421UW,AA,PHX
N422DZ,DL,LAX
N422WN,WN,DAL
N423WN,WN,DEN
N424DX,DL,JFK
N424WN,WN,BWI
N425AN,AA,MIA
N425DX,DL,JFK
N425LV,WN,DEN
N426AN,AA,PHX
N426DZ,DL,LAX
N426WN,WN,BWI
N427AN,AA,PHX
N427DX,DL,JFK
N428WN,WN,DAL
N429AN,AA,PHX
N429WN,WN,DEN
N430AN,AA,PHX
N431AN,AA,PHX
N431WN,WN,DEN
N432AN,AA,PHX
N433AN,AA,PHX
N434AN,AA,PHX
N435AN,AA,LAX
N435WN,WN,BWI
N436WN,WN,DAL
N437AN,AA,PHX
N437WN,WN,BWI
N438AN,AA,PHX
N438WN,WN,BWI
N440AN,AA,LAX
N442AN,AA,PHX
N443AA,AA,PHX
N443WN,WN,DEN
N444UW,AA,PHX
N446AN,AA,PHX
N446WN,WN,DEN
N447WN,WN,DEN
N448AN,AA,PHX
N448WN,WN,DEN
N451AN,AA,PHX
N453AA,AA,PHX
N453WN,WN,DEN
N454WN,WN,DAL
N455AN,AA,PHX
N455SW,OO,ORD
N455WN,WN,HOU
N456AN,AA,PHX
N456WN,WN,DEN
N457AM,AA,PHX
N457SW,OO,DEN
N458AL,AA,PHX
N458WN,WN,DAL
N459AN,AA,LAX
N459WN,WN,DAL
N462AA,AA,LAX
N462WN,WN,DEN
N463SW,OO,ORD
N464SW,OO,ORD
N465AN,AA,LAX
N465WN,WN,DEN
N466AN,AA,PHX
N466SW,OO,ORD
N467AL,AA,PHX
N467WN,WN,DEN
N468AN,AA,PHX
N468WN,WN,DAL
N469WN,WN,DEN
N470WN,WN,DAL
N472WN,WN,DAL
N473WN,WN,DEN
N474WN,WN,DEN
N479CA,OO,ORD
N479WN,WN,DEN
N481WN,WN,DEN
N483WN,WN,BWI
N485WN,WN,DEN
N486WN,WN,DAL
N487CA,OO,DEN
N487WN,WN,DEN
N488WN,WN,DEN
N490WN,WN,PHX
N491WN,WN,DEN
N492WN,WN,DEN
N493WN,WN,DEN
N496WN,WN,BWI
N497WN,WN,DEN
N498WN,WN,DEN
N501SY,OO,LAX
N502DX,DL,BOS
N502SY,OO,LAX
N503DZ,DL,SEA
N503SY,OO,LAX
N505DZ,DL,SEA
N506SY,OO,LAX
N507AY,AA,CLT
N507DN,DL,DTW
N507SY,OO,LAX
N508AY,AA,CLT
N508DN,DL,ATL
N508SY,OO,LAX
N509AY,AA,DFW
N509DT,DL,LAX
N509SY,OO,LAX
N510DE,DL,SEA
N510SY,OO,LAX
N511DN,DL,ATL
N512DN,DL,ATL
N513DA,DL,BOS
N513DZ,DL,ATL
N513SY,OO,LAX
N514DN,DL,ATL
N514SY,OO,LAX
N515DN,DL,ATL
N515SY,OO,LAX
N516DA,DL,JFK
N516DN,DL,ATL
N517DN,DL,BOS
N518DQ,DL,BOS
N518DZ,DL,ATL
N519SY,OO,LAX
N519UW,AA,CLT
N520DE,DL,JFK
N521DT,DL,JFK
N522DA,DL,SEA
N523DE,DL,SEA
N523UW,AA,CLT
N524DE,DL,JFK
N525DA,DL,JFK
N526DE,DL,LAX
N527DE,DL,JFK
N529DT,DL,BOS
N530DE,DL,JFK
N532DN,DL,SLC
N533DT,DL,LAX
N534DT,DL,JFK
N534UW,AA,CLT
N535DN,DL,BOS
N535US,DL,ATL
N535UW,AA,DFW
N536DN,DL,JFK
N537US,DL,ATL
N538DN,DL,SEA
N538US,DL,ATL
N539DN,DL,JFK
N540UW,AA,CLT
N541DE,DL,SEA
N542US,DL,ATL
N543DE,DL,SEA
N543US,DL,ATL
N544DN,DL,LAX
N544US,DL,ATL
N544UW,AA,CLT
N545DE,DL,JFK
N545UW,AA,CLT
N546DN,DL,LAX
N547US,DL,ATL
N548DN,DL,BOS
N548US,DL,ATL
N549CA,OO,SLC
N549DN,DL,JFK
N549UW,AA,CLT
N550WN,WN,BWI
N551NW,DL,ATL
N551UW,AA,CLT
N551WN,WN,DEN
N552NW,DL,ATL
N553NW,DL,ATL
N553UW,AA,CLT
N554CA,OO,DTW
N554NW,DL,ATL
N554UW,AA,CLT
N555LV,WN,DEN
N555NW,DL,ATL
N556NW,DL,ATL
N556UW,AA,CLT
N557NW,DL,ATL
N557UW,AA,CLT
N558WN,WN,HOU
N559UW,AA,CLT
N560UW,AA,CLT
N561UW,AA,CLT
N561WN,WN,DAL
N562UW,AA,CLT
N563UW,AA,CLT
N563WN,WN,DAL
N564WN,WN,BWI
N565WN,WN,DEN
N566WN,WN,DAL
N567UW,AA,CLT
N567WN,WN,DEN
N568UW,AA,CLT
N569WN,WN,DEN
N571DZ,DL,ATL
N572DZ,DL,ATL
N573DT,DL,SLC
N573DZ,DL,ATL
N574DZ,DL,ATL
N575DN,DL,JFK
N576DZ,DL,ATL
N576UW,AA,CLT
N578UW,AA,DFW
N579UW,AA,CLT
N582UW,AA,CLT
N583NW,DL,DTW
N583UW,AA,DFW
N584NW,DL,DTW
N584UW,AA,DFW
N585NW,DL,DTW
N585UW,AA,CLT
N586NW,DL,DTW
N586UW,AA,CLT
N587NW,DL,DTW
N587UW,AA,CLT
N588NW,DL,DTW
N589NW,DL,DTW
N593NW,DL,DTW
N594NW,DL,DTW
N596NW,DL,DTW
N601AW,AA,CLT
N601UX,OO,SFO
N602UX,OO,DEN
N603AT,DL,ATL
N603SK,OO,MSP
N603UX,OO,DEN
N604SK,OO,MSP
N605UX,OO,DEN
N606SK,OO,DFW
N607AT,DL,ATL
N607SK,OO,PHX
N608SK,OO,DFW
N608UX,OO,DEN
N609SK,OO,DFW
N609UX,OO,DEN
N611SK,OO,LAX
N611UX,OO,DEN
N612UX,OO,DEN
N613CZ,OO,SEA
N613SK,OO,PHX
N614QX,OO,PHX
N614UX,OO,DEN
N615UX,OO,DEN
N618UX,OO,DEN
N620UX,OO,DEN
N622UX,OO,DEN
N623UX,OO,DEN
N624UX,OO,DEN
N625CA,OO,MSP
N625UX,OO,DEN
N632SK,OO,PHX
N641CA,OO,MSP
N649AW,AA,DFW
N652AW,AA,CLT
N653AW,AA,DFW
N656AW,AA,CLT
N658CA,OO,PHX
N658DL,DL,ATL
N659DL,DL,ATL
N661AW,AA,CLT
N664AW,AA,CLT
N665AW,AA,DFW
N665DN,DL,ATL
N667DN,DL,ATL
N668AW,AA,DFW
N668DN,DL,ATL
N669DN,DL,ATL
N6701,DL,ATL
N6702,DL,ATL
N6703D,DL,ATL
N6704Z,DL,ATL
N6705Y,DL,ATL
N6706Q,DL,ATL
N6707A,DL,ATL
N6708D,DL,ATL
N670DN,DL,ATL
N6711M,DL,ATL
N6712B,DL,ATL
N6714Q,DL,ATL
N671DN,DL,ATL
N672DL,DL,ATL
N673DL,DL,ATL
N675DL,DL,ATL
N676DL,DL,ATL
N678DL,DL,ATL
N679AW,AA,DFW
N679CA,OO,ATL
N679DA,DL,ATL
N679SA,OO,ORD
N680AW,AA,CLT
N680DA,DL,ATL
N682DA,DL,ATL
N688DL,DL,ATL
N689CA,OO,ATL
N689DL,DL,ATL
N693CA,OO,ATL
N693DL,DL,ATL
N694DL,DL,ATL
N695DL,DL,ATL
N696DL,DL,ATL
N697DL,DL,ATL
N699BR,OO,ORD
N702SK,OO,DFW
N702TW,DL,LAX
N703SK,OO,ATL
N703UW,AA,CLT
N704US,AA,CLT
N704X,DL,JFK
N705SK,OO,PHX
N706SK,OO,DFW
N706TW,DL,LAX
N707EV,OO,PHX
N709SK,OO,DFW
N710EV,OO,PHX
N710UW,AA,MIA
N712TW,DL,ATL
N713EV,OO,DFW
N713SK,OO,PHX
N713UW,AA,DFW
N715UW,AA,DCA
N716EV,OO,DFW
N716SK,OO,DFW
N717AN,AA,MIA
N717EV,OO,DFW
N717UW,AA,CLT
N718EV,OO,DFW
N719EV,OO,PHX
N719SK,OO,DFW
N720AN,AA,JFK
N720EV,OO,PHX
N721TW,DL,ATL
N722AN,AA,MIA
N722US,AA,CLT
N723AN,AA,JFK
N723UW,AA,PHL
N724AN,AA,MIA
N724EV,OO,PHX
N724UW,AA,CLT
N725AN,AA,MIA
N725UW,AA,CLT
N726AN,AA,LAX
N727AN,AA,MIA
N727SK,OO,DFW
N727TW,DL,JFK
N728SK,OO,DFW
N729AN,AA,JFK
N730AN,AA,JFK
N730US,AA,MIA
N731AN,AA,MIA
N732SK,OO,DFW
N733UW,AA,CLT
N740EV,OO,PHX
N740UW,AA,MIA
N741EV,OO,MSP
N741UW,AA,CLT
N742PS,AA,DFW
N743SK,OO,ASE
N744P,AA,DCA
N744SK,OO,PHX
N745SK,OO,DFW
N746UW,AA,CLT
N748SK,OO,PHX
N750AN,AA,MIA
N750SK,OO,DFW
N750UW,AA,DCA
N751AN,AA,CLT
N751UW,AA,DFW
N752AN,AA,MIA
N753EV,OO,PHX
N753US,AA,CLT
N754AN,AA,MIA
N754SK,OO,PHX
N754UW,AA,DCA
N755AN,AA,MIA
N755US,AA,CLT
N756AM,AA,MIA
N756US,AA,CLT
N758AN,AA,CLT
N759AN,AA,MIA
N761AJ,AA,MIA
N762AN,AA,MIA
N762SK,OO,DFW
N762SW,WN,DEN
N763US,AA,PHL
N764SK,OO,DFW
N764US,AA,DFW
N765AN,AA,DFW
N765SK,OO,PHX
N765US,AA,DFW
N766AN,AA,MIA
N766SK,OO,PHX
N767AJ,AA,MIA
N767SK,OO,MSP
N767SW,WN,BWI
N768SK,OO,MSP
N768US,AA,DFW
N769SW,WN,DEN
N7704B,WN,DEN
N770AN,AA,DFW
N770SK,OO,PHX
N770UW,AA,CLT
N7713A,WN,DEN
N771SK,OO,PHX
N7720F,WN,DAL
N7721E,WN,DAL
N7722B,WN,DEN
N7723E,WN,BWI
N7724A,WN,DEN
N7725A,WN,DAL
N7726A,WN,LAS
N7729A,WN,MDW
N772AN,AA,DFW
N772SK,OO,PHX
N772XF,AA,DCA
N7730A,WN,DEN
N7731A,WN,DEN
N7732A,WN,PHX
N7733B,WN,DEN
N7734H,WN,BWI
N7735A,WN,DEN
N7738A,WN,DEN
N773AN,AA,MIA
N773SK,OO,DFW
N773XF,AA,PHL
N7740A,WN,DAL
N7741C,WN,DAL
N7743B,WN,HOU
N7744A,WN,DEN
N7747C,WN,DEN
N7748A,WN,DEN
N7749B,WN,DEN
N774AN,AA,MIA
N774SK,OO,PHX
N774XF,AA,PHX
N7750A,WN,HOU
N7751A,WN,DEN
N7752B,WN,DEN
N775AN,AA,MIA
N776DE,DL,SEA
N776XF,AA,LGA
N778AN,AA,MIA
N778SK,OO,ATL
N778XF,AA,DCA
N780AN,AA,JFK
N7812G,WN,DEN
N7815L,WN,HOU
N7819A,WN,DAL
N7821L,WN,DEN
N7822A,WN,DAL
N7823A,WN,DEN
N7826B,WN,DEN
N7828A,WN,BWI
N782AN,AA,DFW
N7832A,WN,DEN
N7838A,WN,DEN
N783AN,AA,MIA
N783SK,OO,ASE
N7840A,WN,DEN
N7842A,WN,DEN
N7844A,WN,DEN
N784SK,OO,ASE
N7851A,WN,DEN
N7852A,WN,DEN
N7853B,WN,LAS
N7854B,WN,HOU
N7859B,WN,DEN
N785AN,AA,MIA
N785SK,OO,ASE
N7860A,WN,DEN
N7862A,WN,DEN
N7863A,WN,BWI
N7864B,WN,DEN
N7866A,WN,BWI
N7867A,WN,DEN
N7868K,WN,DAL
N786AN,AA,MIA
N786SK,OO,ASE
N7873A,WN,DAL
N7874B,WN,PHX
N7875A,WN,DEN
N7877H,WN,DAL
N7879A,WN,DEN
N787AL,AA,LAX
N787SK,OO,ASE
N7880D,WN,DAL
N7881A,WN,DEN
N7882B,WN,DEN
N7883A,WN,DAL
N7884G,WN,DEN
N7885A,WN,DEN
N7887A,WN,BWI
N7888A,WN,DEN
N7889A,WN,DEN
N788AN,AA,MIA
N788SA,WN,BWI
N788SK,OO,ASE
N789SK,OO,ASE
N790AN,AA,MIA
N791AN,AA,JFK
N791SW,WN,DEN
N792AN,AA,MIA
N792SW,WN,DEN
N793AN,AA,MIA
N793SK,OO,ASE
N795AN,AA,MIA
N795SK,OO,DEN
N797SK,OO,ASE
N798AN,AA,MIA
N799AN,AA,DFW
N800SK,OO,ATL
N801AC,AA,DFW
N801AW,AA,CLT
N801NW,DL,DTW
N802AN,AA,DFW
N802AW,AA,PHX
N802NN,AA,DFW
N802NW,DL,ATL
N802SK,OO,ATL
N803AL,AA,DFW
N803AW,AA,DFW
N803DN,DL,ATL
N803NW,DL,ATL
N804AN,AA,DFW
N804AW,AA,CLT
N804DN,DL,ATL
N804NN,AA,DFW
N804NW,DL,ATL
N804SK,OO,DTW
N805AW,AA,DCA
N805NN,AA,DFW
N805NW,DL,HNL
N805SK,OO,ATL
N806AW,AA,CLT
N806NN,AA,DFW
N806NW,DL,ATL
N806SK,OO,DTW
N807AW,AA,DFW
N807NN,AA,DFW
N809AW,AA,CLT
N810AN,AA,DFW
N810DN,DL,ATL
N811AB,AA,DFW
N812AA,AA,DFW
N812AW,AA,DCA
N812DN,DL,MSP
N812NW,DL,HNL
N813DN,DL,ATL
N813NN,AA,DFW
N813NW,DL,ATL
N814AA,AA,DFW
N814AW,AA,PHX
N814NW,DL,DTW
N815AA,AA,DFW
N815DN,DL,ATL
N815NN,AA,DFW
N815NW,DL,ATL
N816AA,AA,DFW
N816AW,AA,DCA
N816DN,DL,ATL
N816NN,AA,DFW
N816NW,DL,DTW
N816SK,OO,SLC
N817AN,AA,MIA
N817AW,AA,CLT
N817DN,DL,ATL
N817NN,AA,MIA
N817NW,DL,HNL
N818AW,AA,CLT
N818DA,DL,ATL
N818NW,DL,ATL
N819AW,AA,DCA
N819DX,DL,ATL
N819NW,DL,DTW
N820AL,AA,DFW
N820DX,DL,ATL
N820NN,AA,CLT
N820NW,DL,DTW
N821AN,AA,DFW
N821AW,AA,DFW
N821DN,DL,MSP
N821NW,DL,DTW
N822AW,AA,CLT
N822DN,DL,ATL
N822DX,DL,ATL
N822NW,DL,ATL
N822SK,OO,ATL
N823AW,AA,PHL
N823DN,DL,ATL
N823DX,DL,ATL
N823NN,AA,DFW
N823NW,DL,HNL
N823SK,OO,DTW
N824AN,AA,DFW
N824AW,AA,ORD
N824DN,DL,ATL
N824SK,OO,DTW
N825AA,AA,DFW
N825DN,DL,MSP
N825NN,AA,DFW
N826AN,AA,DFW
N826DN,DL,MSP
N826MH,DL,ATL
N826NN,AA,DFW
N826SK,OO,DTW
N827AN,AA,ORD
N827AW,AA,CLT
N827NN,AA,DFW
N828AW,AA,DCA
N828DN,DL,ATL
N828MH,DL,ATL
N829NN,AA,DFW
N829NW,DL,ATL
N8301J,WN,DEN
N8305E,WN,LAS
N8306H,WN,BWI
N8307K,WN,DEN
N8309C,WN,DEN
N830AN,AA,DFW
N830AW,AA,CLT
N830DN,DL,ATL
N830NW,DL,HNL
N830SK,OO,DTW
N8311Q,WN,HOU
N8312C,WN,DEN
N8316H,WN,MDW
N8317M,WN,DEN
N831AW,AA,MIA
N831DN,DL,ATL
N831MH,DL,JFK
N831NW,DL,ATL
N831SK,OO,DTW
N8320J,WN,DEN
N8321D,WN,LAS
N8323C,WN,DEN
N8328A,WN,LAS
N8329B,WN,DEN
N832AA,AA,DFW
N832MH,DL,ATL
N832NN,AA,DFW
N832SK,OO,DTW
N833AA,AA,DFW
N833AW,AA,CLT
N833MH,DL,ATL
N833NN,AA,DFW
N834AA,AA,DFW
N834AW,AA,DFW
N834DN,DL,ATL
N834MH,DL,ATL
N834NN,AA,DFW
N835AN,AA,DFW
N835DN,DL,ATL
N835MH,DL,ATL
N835NN,AA,DFW
N836AA,AA,DFW
N836NN,AA,DFW
N836SK,OO,DTW
N837AN,AA,DFW
N837AW,AA,CLT
N837DN,DL,ATL
N837SK,OO,DTW
N838AA,AA,DFW
N838AW,AA,DCA
N838DN,DL,ATL
N838MH,DL,ATL
N839AA,AA,DFW
N839DN,DL,ATL
N839MH,DL,JFK
N839SK,OO,DTW
N840AW,AA,DCA
N840MH,DL,JFK
N840NN,AA,DFW
N840SK,OO,DTW
N841MH,DL,ATL
N841NN,AA,CLT
N842DN,DL,ATL
N843NN,AA,DFW
N844MH,DL,ATL
N844NN,AA,DFW
N845MH,DL,ATL
N845NN,AA,DFW
N847NN,AA,DFW
N848NN,AA,DFW
N849NN,AA,DFW
N8502Z,WN,BWI
N8503A,WN,LAS
N8504G,WN,LAS
N8508W,WN,DEN
N8509U,WN,LAS
N850DN,DL,ATL
N850NN,AA,DFW
N8511K,WN,MCO
N8512U,WN,BWI
N8515X,WN,DEN
N8517F,WN,MDW
N8518R,WN,LAS
N851DN,DL,ATL
N8522P,WN,LAS
N8524Z,WN,DEN
N8527Q,WN,LAS
N8529Z,WN,MDW
N852DN,DL,ATL
N852NW,DL,ATL
N8530W,WN,LAS
N8531Q,WN,DEN
N8532S,WN,DEN
N8533S,WN,DEN
N8535S,WN,DEN
N8536Z,WN,LAS
N8537Z,WN,LAS
N8538V,WN,LAS
N8539V,WN,DEN
N853DN,DL,ATL
N853NW,DL,ATL
N8540V,WN,DEN
N8542Z,WN,DEN
N8544Z,WN,LAS
N8545V,WN,LAS
N8546V,WN,LAS
N8547V,WN,DEN
N8548P,WN,DEN
N8549Z,WN,DEN
N854DN,DL,MSP
N854NW,DL,ATL
N8553W,WN,DEN
N8554X,WN,DEN
N8555Z,WN,MDW
N8556Z,WN,LAS
N8557Q,WN,DEN
N8558Z,WN,DEN
N8559Q,WN,DEN
N855DN,DL,ATL
N855NN,AA,DFW
N855NW,DL,ATL
N8560Z,WN,DEN
N8561Z,WN,LAS
N8562Z,WN,BWI
N8563Z,WN,LAS
N8564Z,WN,LAS
N8566Z,WN,LAS
N8567Z,WN,DEN
N8569Z,WN,DEN
N856AS,OO,ORD
N856DN,DL,MSP
N8570W,WN,DEN
N8572X,WN,DEN
N8573Z,WN,DEN
N8575Z,WN,LAS
N8577Z,WN,DEN
N8579Z,WN,DEN
N857NN,AA,DFW
N8580Z,WN,DEN
N8581Z,WN,DEN
N8582Z,WN,LAS
N8583Z,WN,LAS
N858DZ,DL,ATL
N858NN,AA,DFW
N858NW,DL,ATL
N859DN,DL,MSP
N859NW,DL,ATL
N8603F,WN,BWI
N8604K,WN,LAS
N8605E,WN,LAS
N8606C,WN,DAL
N8607M,WN,DEN
N8609A,WN,DEN
N860DN,DL,ATL
N860NW,DL,ATL
N8613K,WN,DEN
N8614M,WN,LAS
N8615E,WN,LAS
N8617E,WN,LAS
N8618N,WN,DEN
N861DN,DL,ATL
N861NN,AA,DFW
N8620H,WN,BWI
N8621A,WN,LAS
N8623F,WN,DEN
N8624J,WN,LAS
N8626B,WN,LAS
N8627B,WN,DEN
N8628A,WN,LAS
N8629A,WN,LAS
N862DN,DL,ATL
N8630B,WN,BWI
N8631A,WN,DAL
N8632A,WN,LAS
N8634A,WN,DEN
N8635F,WN,DEN
N8638A,WN,LAS
N8639B,WN,DEN
N863DN,DL,ATL
N863NN,AA,DFW
N8640D,WN,LAS
N8641B,WN,LAS
N8643A,WN,DEN
N8644C,WN,LAS
N8645A,WN,DEN
N8646B,WN,DEN
N8647A,WN,LAS
N8648A,WN,LAS
N8649A,WN,LAS
N8650F,WN,DEN
N8651A,WN,LAS
N8652B,WN,DEN
N8656B,WN,MCO
N8657B,WN,DEN
N8659D,WN,DEN
N865DN,DL,MSP
N8660A,WN,DEN
N8663A,WN,LAS
N8668A,WN,LAS
N866DN,DL,ATL
N8671D,WN,LAS
N8673F,WN,LAS
N8674B,WN,DEN
N8675A,WN,DEN
N8676A,WN,LAS
N8677A,WN,DEN
N8681M,WN,LAS
N8682B,WN,BWI
N8683D,WN,LAS
N8684F,WN,DEN
N8686A,WN,DEN
N8687A,WN,LAS
N8688J,WN,LAS
N8689C,WN,LAS
N868DN,DL,ATL
N868NN,AA,DFW
N8690A,WN,DEN
N8691A,WN,DEN
N8694E,WN,LAS
N8696E,WN,DEN
N8697C,WN,DEN
N8698B,WN,DEN
N8699A,WN,LAS
N869DN,DL,MSP
N8704Q,WN,HNL
N8705Q,WN,HNL
N8707P,WN,PHX
N8709Q,WN,LAS
N870AX,AA,DFW
N870DC,OO,PHX
N870DN,DL,ATL
N870NN,AA,DFW
N8710M,WN,HNL
N8713M,WN,HNL
N8715Q,WN,HNL
N8718Q,WN,LAS
N8719Q,WN,MDW
N871NN,AA,DFW
N8722L,WN,LAS
N8723Q,WN,HNL
N8724J,WN,HNL
N8726H,WN,LAS
N872AN,AA,DFW
N872NN,AA,DFW
N8732S,WN,LAS
N8733M,WN,HNL
N8735L,WN,HNL
N8736J,WN,HNL
N8737L,WN,HNL
N8739L,WN,BWI
N873BB,AA,DFW
N873NN,AA,DFW
N8740A,WN,HNL
N8743K,WN,LAS
N8746Q,WN,HNL
N8747Q,WN,HNL
N8748Q,WN,DEN
N8749Q,WN,LAS
N8750Q,WN,LAS
N8751R,WN,HNL
N8752Q,WN,LAS
N8754S,WN,HNL
N8755L,WN,HNL
N8756S,WN,HNL
N875DN,DL,ATL
N8761L,WN,LAS
N8764Q,WN,HNL
N8765Q,WN,HNL
N8767M,WN,DEN
N8768Q,WN,HNL
N876AL,AA,DFW
N876AS,OO,DEN
N876DN,DL,MSP
N876NN,AA,DFW
N8771D,WN,HNL
N8772M,WN,LAS
N8773Q,WN,HNL
N8776L,WN,LAS
N8777Q,WN,LAS
N8778Q,WN,DEN
N8779Q,WN,DEN
N877BF,AA,DFW
N877DN,DL,ATL
N8781Q,WN,HNL
N8782Q,WN,HNL
N8784Q,WN,HNL
N8785L,WN,LAS
N8786Q,WN,HNL
N8789Q,WN,HNL
N8790Q,WN,HNL
N8792Q,WN,LAS
N8793Q,WN,HNL
N8794Q,WN,HNL
N8795L,WN,HNL
N8796L,WN,LAS
N879BH,AA,MIA
N879DN,DL,ATL
N879NN,AA,DFW
N8800L,WN,LAS
N8801Q,WN,DEN
N8802Q,WN,DEN
N8803L,WN,DEN
N8804L,WN,DEN
N8805L,WN,DEN
N8806Q,WN,LAS
N8809L,WN,DEN
N880BJ,AA,DFW
N8810L,WN,DEN
N8811L,WN,BWI
N8813Q,WN,DEN
N8815L,WN,LAS
N8816Q,WN,LAS
N8817L,WN,DEN
N8818Q,WN,LAS
N8819L,WN,LAS
N881NN,AA,DFW
N8820L,WN,DEN
N8821S,WN,LAS
N8822Q,WN,DEN
N8824Q,WN,DEN
N8825Q,WN,DEN
N8826Q,WN,DEN
N8827Q,WN,DEN
N882DN,DL,ATL
N882NN,AA,DFW
N8833L,WN,DEN
N8836Q,WN,BWI
N8837Q,WN,DEN
N8838Q,WN,LAS
N8839Q,WN,LAS
N883DN,DL,SLC
N8840Q,WN,DEN
N8841L,WN,DEN
N8842L,WN,DEN
N8844Q,WN,MCO
N8845L,WN,DEN
N8847Q,WN,DEN
N8848Q,WN,LAS
N8850Q,WN,DEN
N8851Q,WN,DEN
N8853Q,WN,LAS
N8854Q,WN,DEN
N8857Q,WN,DEN
N8859Q,WN,LAS
N885BP,AA,DFW
N885NN,AA,DFW
N8860S,WN,LAS
N8861Q,WN,LAS
N8862Q,WN,DEN
N8864H,WN,DEN
N8866H,WN,LAS
N8869L,WN,LAS
N886NN,AA,DFW
N8870K,WN,DEN
N8871Q,WN,LAS
N8872Q,WN,DEN
N8874Q,WN,DEN
N8875B,WN,LAS
N8878L,WN,DEN
N8879Q,WN,DEN
N887DN,DL,ATL
N8880G,WN,LAS
N8882Q,WN,LAS
N8885,WN,LAS
N8886C,WN,BWI
N8888M,WN,LAS
N888DU,DL,ATL
N8892S,WN,BWI
N8894Q,WN,DEN
N8897K,WN,BWI
N8899H,WN,DEN
N889DN,DL,ATL
N8902Q,WN,LAS
N8906K,WN,DEN
N8907L,WN,DEN
N890NN,AA,DFW
N8911Q,WN,LAS
N8914Q,WN,LAS
N8917Q,WN,DEN
N8918Q,WN,LAS
N891AT,DL,ATL
N891NN,AA,DFW
N8920Q,WN,DEN
N8921Q,WN,MDW
N892AT,DL,ATL
N892DN,DL,ATL
N893AT,DL,ATL
N893DN,DL,ATL
N894DN,DL,ATL
N894NN,AA,DFW
N895AT,DL,ATL
N895DN,DL,ATL
N897DN,DL,ATL
N897NN,AA,DFW
N899AT,DL,ATL
N899DN,DL,ATL
N90024,AA,MIA
N900DU,DL,ATL
N900EV,OO,ORD
N900PC,DL,ATL
N900UW,AA,DFW
N900WN,WN,BWI
N9010R,AA,CLT
N9011P,AA,DFW
N9012,AA,DFW
N9013A,AA,DFW
N9016,AA,CLT
N901AA,AA,DFW
N9021H,AA,CLT
N9023N,AA,DFW
N9026C,AA,DFW
N9029F,AA,DFW
N902AN,AA,DFW
N902DN,DL,ATL
N902NN,AA,DFW
N903AA,AA,DFW
N903DN,DL,ATL
N903NN,AA,DFW
N904AN,AA,MIA
N904DN,DL,ATL
N904EV,OO,DEN
N904WN,WN,DEN
N905AU,AA,DFW
N905DN,DL,DTW
N905NN,AA,CLT
N906AA,AA,DFW
N906AN,AA,DFW
N907AN,AA,DFW
N907WN,WN,DEN
N908AA,AA,DFW
N908AN,AA,DFW
N908NN,AA,DFW
N909AN,AA,DFW
N909WN,WN,DEN
N910AU,AA,DFW
N910DU,DL,ATL
N910NN,AA,DFW
N912AN,AA,DFW
N912NN,AA,DFW
N912SW,OO,ORD
N912UY,AA,CLT
N913AN,AA,DFW
N913DU,DL,DTW
N913EV,OO,DEN
N913NN,AA,DFW
N913US,AA,CLT
N914EV,OO,DEN
N914UY,AA,CLT
N914WN,WN,DEN
N915AN,AA,DFW
N915AT,DL,ATL
N915US,AA,CLT
N915WN,WN,DAL
N916AN,AA,DFW
N916US,AA,CLT
N917DU,DL,ATL
N917SW,OO,DEN
N917WN,WN,DEN
N918AN,AA,DFW
N918DU,DL,ATL
N918NN,AA,DFW
N918US,AA,CLT
N919AN,AA,DFW
N919DU,DL,ATL
N919EV,OO,DEN
N919NN,AA,DFW
N919US,AA,CLT
N920AT,DL,ATL
N920DU,DL,ATL
N920EV,OO,ORD
N920US,AA,CLT
N920WN,WN,DEN
N921AT,DL,ATL
N921NN,AA,DFW
N921US,AA,CLT
N922US,AA,CLT
N922WN,WN,PHX
N923AN,AA,DFW
N923NN,AA,DFW
N924AT,DL,ATL
N924US,AA,CLT
N924WN,WN,DAL
N925EV,OO,ORD
N925UY,AA,CLT
N925WN,WN,DEN
N926AN,AA,DFW
N926DZ,DL,ATL
N926NN,AA,DFW
N926UW,AA,CLT
N926WN,WN,BWI
N927AN,AA,DFW
N927NN,AA,CLT
N927UW,AA,CLT
N928AT,DL,ATL
N928DU,DL,ATL
N929AA,AA,DFW
N929DZ,DL,ATL
N929EV,OO,DEN
N929SW,OO,ORD
N929WN,WN,LAS
N930AU,AA,DFW
N930DZ,DL,MSP
N930SW,OO,ORD
N931AN,AA,DFW
N931WN,WN,DEN
N932AN,AA,DFW
N932DZ,DL,ATL
N932NN,AA,DFW
N932WN,WN,DEN
N933AM,AA,DFW
N933AN,AA,DFW
N933AT,DL,ATL
N933NN,AA,DFW
N933WN,WN,DEN
N934AN,AA,DFW
N934AT,DL,ATL
N934NN,AA,DFW
N934WN,WN,DAL
N935AN,AA,DFW
N935AT,DL,DTW
N935DZ,DL,ATL
N935NN,AA,DFW
N936AN,AA,DFW
N936DZ,DL,ATL
N936NN,AA,DFW
N937AT,DL,ATL
N937WN,WN,DEN
N938AN,AA,DFW
N938AT,DL,ATL
N938DZ,DL,ATL
N939AN,AA,DFW
N939AT,DL,ATL
N939DZ,DL,ATL
N939NN,AA,DFW
N939SW,OO,DEN
N939WN,WN,DEN
N940AN,AA,DFW
N940NN,AA,DFW
N940WN,WN,DEN
N941DZ,DL,ATL
N941WN,WN,DEN
N942AN,AA,DFW
N942AT,DL,ATL
N942NN,AA,DFW
N942WN,WN,DEN
N943AT,DL,ATL
N943DZ,DL,ATL
N943NN,AA,DFW
N943SW,OO,DEN
N943WN,WN,LAS
N944AN,AA,DFW
N944AT,DL,ATL
N944DZ,DL,ATL
N944NN,AA,DFW
N944SW,OO,ORD
N945AN,AA,DFW
N945AT,DL,DTW
N945NN,AA,DFW
N945SW,OO,ORD
N946DZ,DL,ATL
N946WN,WN,BWI
N947AN,AA,DFW
N947DZ,DL,ATL
N947NN,AA,DFW
N947SW,OO,ORD
N948AN,AA,DFW
N948AT,DL,ATL
N948DZ,DL,ATL
N948NN,AA,DFW
N948WN,WN,DEN
N949AT,DL,ATL
N949DZ,DL,ATL
N949NN,AA,DFW
N949WN,WN,DEN
N950AN,AA,ORD
N950DZ,DL,ATL
N950NN,AA,DFW
N950WN,WN,DAL
N951DX,DL,ATL
N951NN,AA,DFW
N952AA,AA,DFW
N952DZ,DL,ATL
N952WN,WN,DAL
N953AN,AA,DFW
N954AN,AA,DFW
N954DZ,DL,ATL
N954SW,OO,DEN
N954WN,WN,BWI
N955AT,DL,ATL
N956DZ,DL,ATL
N956NN,AA,DFW
N956SW,OO,DEN
N956WN,WN,DAL
N957AN,AA,MIA
N957AT,DL,ATL
N957NN,AA,DFW
N957SW,OO,DEN
N958AN,AA,DFW
N958DZ,DL,ATL
N958NN,AA,DFW
N958SW,OO,DEN
N959AN,AA,DFW
N959DZ,DL,ATL
N959NN,AA,DFW
N960AT,DL,ATL
N960DZ,DL,ATL
N960NN,AA,DFW
N960SW,OO,DEN
N961AN,AA,DFW
N961AT,DL,ATL
N961NN,AA,DFW
N961SW,OO,ORD
N961WN,WN,DEN
N962AN,AA,DFW
N962DZ,DL,ATL
N962NN,AA,DFW
N963AN,AA,DFW
N963DZ,DL,ATL
N963NN,AA,DFW
N963SW,OO,ORD
N963WN,WN,DEN
N964AN,AA,CLT
N964AT,DL,ATL
N964NN,AA,DFW
N964SW,OO,ORD
N964WN,WN,DEN
N965AN,AA,DFW
N965AT,DL,ATL
N965NN,AA,DFW
N965SW,OO,ORD
N966AT,DL,ATL
N967AT,DL,ATL
N967NN,AA,DFW
N967WN,WN,DEN
N968AN,AA,DFW
N968NN,AA,DFW
N968WN,WN,DAL
N969NN,AA,DFW
N970SW,OO,ORD
N970UY,AA,CLT
N971AN,AA,CLT
N971AT,DL,ATL
N971NN,AA,DFW
N971SW,OO,DEN
N972AN,AA,DFW
N972NN,AA,DFW
N973AN,AA,DFW
N973NN,AA,DFW
N974AN,AA,DFW
N975AN,AA,DFW
N976AN,AA,CLT
N976NN,AA,DFW
N976UY,AA,CLT
N977NN,AA,DFW
N978NN,AA,DFW
N978UY,AA,CLT
N979AN,AA,DFW
N979AT,DL,ATL
N979UY,AA,CLT
N980AN,AA,DFW
N980AT,DL,ATL
N980NN,AA,DFW
N981NN,AA,DFW
N981UY,AA,CLT
N982NN,AA,DFW
N982SW,OO,ORD
N983AN,AA,MIA
N983AT,DL,ATL
N983SW,OO,DEN
N985AT,DL,ATL
N985NN,AA,DFW
N986NN,AA,DFW
N987AM,AA,DFW
N987AN,AA,DFW
N987NN,AA,CLT
N988AL,AA,DFW
N988NN,AA,DFW
N989AN,AA,ORD
N989AT,DL,ATL
N989AU,AA,DFW
N989NN,AA,DFW
N990AN,AA,DFW
N990AU,AA,DFW
N991AU,AA,DFW
N991NN,AA,DFW
N992AN,AA,DFW
N992AT,DL,ATL
N992AU,AA,DFW
N992NN,AA,PHX
N993AT,DL,ATL
N994AN,AA,CLT
N995AN,AA,DFW
N995NN,AA,DFW
N996AN,AA,DFW
N996AT,DL,ATL
N997AA,AA,CLT
N997NN,AA,DFW
N998AN,AA,DFW
